task_id,title,track,version,status,data_access,license_status,public_data_present,public_file_count,public_total_size_bytes,manifest_path
front_end_spread_widening_v0,U.S. 2Y Minus Fed Funds Next-Day Widening Under Point-in-Time H.15 Features,predictive_financial_ml,0.1.0,draft,download_script,public_domain_citation_requested,True,4,1785023,front_end_spread_widening_v0.json
leakage_audit_temporal_split_v0,Audit a Financial ML Notebook for Temporal Leakage,research_replication_and_audit,0.1.0,draft,bundled,usable,True,2,379936,leakage_audit_temporal_split_v0.json
synthetic_event_response_v0,Synthetic Event Response Direction Prediction,event_aware_time_series_reasoning,0.1.0,draft,synthetic_generator,usable,True,4,1383465,synthetic_event_response_v0.json
synthetic_market_direction_v0,Synthetic Market Next-Day Direction Prediction,predictive_financial_ml,0.1.0,draft,synthetic_generator,usable,True,4,863506,synthetic_market_direction_v0.json
usd_afe_vs_eme_relative_direction_v0,U.S. Dollar AFE vs EME Next-Day Relative Direction Under Point-in-Time H.10 and H.15 Features,predictive_financial_ml,0.1.0,draft,download_script,public_domain_citation_requested,True,4,1649455,usd_afe_vs_eme_relative_direction_v0.json
usd_broad_direction_v0,Broad U.S. Dollar Index Next-Day Direction Under Point-in-Time H.10 and H.15 Features,predictive_financial_ml,0.1.0,draft,download_script,public_domain_citation_requested,True,4,1428669,usd_broad_direction_v0.json
yield_curve_10y2y_steepening_v0,U.S. 10Y-2Y Treasury Curve Next-Day Steepening Under Point-in-Time H.15 Features,predictive_financial_ml,0.1.0,draft,download_script,public_domain_citation_requested,True,4,1650555,yield_curve_10y2y_steepening_v0.json
yield_curve_10y3mo_steepening_v0,U.S. 10Y-3M Treasury Curve Next-Day Steepening Under Point-in-Time H.15 Features,predictive_financial_ml,0.1.0,draft,download_script,public_domain_citation_requested,False,0,0,yield_curve_10y3mo_steepening_v0.json
yield_direction_treasury10y_v0,U.S. 10-Year Treasury Yield Next-Day Direction Under Point-in-Time H.15 Features,predictive_financial_ml,0.1.0,draft,download_script,public_domain_citation_requested,True,4,1359466,yield_direction_treasury10y_v0.json
