task_id,title,track,version,status,source_spec,data_access,license_status,split_method,primary_metric,tags,required_files
front_end_spread_widening_v0,U.S. 2Y Minus Fed Funds Next-Day Widening Under Point-in-Time H.15 Features,predictive_financial_ml,0.1.0,draft,tasks/pilot/front_end_spread_widening_v0.yaml,download_script,public_domain_citation_requested,temporal,balanced_accuracy_on_private_temporal_holdout,"rates, treasury, front_end, classification, temporal_validation","notebook.ipynb, predictions.csv, writeup.md"
leakage_audit_temporal_split_v0,Audit a Financial ML Notebook for Temporal Leakage,research_replication_and_audit,0.1.0,draft,tasks/pilot/leakage_audit_temporal_split_v0.yaml,bundled,usable,temporal,audit_correctness_score,"leakage, audit, replication, validation","corrected_notebook.ipynb, audit_note.md, before_after_metrics.csv"
synthetic_event_response_v0,Synthetic Event Response Direction Prediction,event_aware_time_series_reasoning,0.1.0,draft,tasks/pilot/synthetic_event_response_v0.yaml,synthetic_generator,usable,temporal,balanced_accuracy_on_private_temporal_holdout,"synthetic, event_response, classification, temporal_validation","notebook.ipynb, predictions.csv, writeup.md"
synthetic_market_direction_v0,Synthetic Market Next-Day Direction Prediction,predictive_financial_ml,0.1.0,draft,tasks/pilot/synthetic_market_direction_v0.yaml,synthetic_generator,usable,temporal,balanced_accuracy_on_private_temporal_holdout,"synthetic, market_panel, classification, temporal_validation","notebook.ipynb, predictions.csv, writeup.md"
usd_afe_vs_eme_relative_direction_v0,U.S. Dollar AFE vs EME Next-Day Relative Direction Under Point-in-Time H.10 and H.15 Features,predictive_financial_ml,0.1.0,draft,tasks/pilot/usd_afe_vs_eme_relative_direction_v0.yaml,download_script,public_domain_citation_requested,temporal,balanced_accuracy_on_private_temporal_holdout,"fx, macro_finance, dollar, relative_value, classification, temporal_validation","notebook.ipynb, predictions.csv, writeup.md"
usd_broad_direction_v0,Broad U.S. Dollar Index Next-Day Direction Under Point-in-Time H.10 and H.15 Features,predictive_financial_ml,0.1.0,draft,tasks/pilot/usd_broad_direction_v0.yaml,download_script,public_domain_citation_requested,temporal,balanced_accuracy_on_private_temporal_holdout,"fx, macro_finance, dollar, classification, temporal_validation","notebook.ipynb, predictions.csv, writeup.md"
yield_curve_10y2y_steepening_v0,U.S. 10Y-2Y Treasury Curve Next-Day Steepening Under Point-in-Time H.15 Features,predictive_financial_ml,0.1.0,draft,tasks/pilot/yield_curve_10y2y_steepening_v0.yaml,download_script,public_domain_citation_requested,temporal,balanced_accuracy_on_private_temporal_holdout,"rates, treasury, yield_curve, classification, temporal_validation","notebook.ipynb, predictions.csv, writeup.md"
yield_curve_10y3mo_steepening_v0,U.S. 10Y-3M Treasury Curve Next-Day Steepening Under Point-in-Time H.15 Features,predictive_financial_ml,0.1.0,draft,tasks/pilot/yield_curve_10y3mo_steepening_v0.yaml,download_script,public_domain_citation_requested,temporal,balanced_accuracy_on_private_temporal_holdout,"rates, treasury, yield_curve, classification, temporal_validation","notebook.ipynb, predictions.csv, writeup.md"
yield_direction_treasury10y_v0,U.S. 10-Year Treasury Yield Next-Day Direction Under Point-in-Time H.15 Features,predictive_financial_ml,0.1.0,draft,tasks/pilot/yield_direction_treasury10y_v0.yaml,download_script,public_domain_citation_requested,temporal,balanced_accuracy_on_private_temporal_holdout,"rates, treasury, macro_finance, classification, temporal_validation","notebook.ipynb, predictions.csv, writeup.md"
